phi,lbv
0.799728137743543,3.17514124293785
0.999954689623924,7.02824858757062
1.09986406887177,7.52542372881356
1.30090620752152,4.88700564971751
